coord_lon,coord_lat,weather_0_id,weather_0_main,weather_0_description,weather_0_icon,base,main_temp,main_feels_like,main_temp_min,main_temp_max,main_pressure,main_humidity,main_sea_level,main_grnd_level,visibility,wind_speed,wind_deg,wind_gust,clouds_all,dt,sys_type,sys_id,sys_country,sys_sunrise,sys_sunset,timezone,id,name,cod,dt_local,rain_1h,rain_3h,snow_1h,snow_3h
-3.7038,40.4168,804,Clouds,nubes,04n,stations,25.2,24.77,24.01,25.92,1012,38,1012,940,10000,4.16,228,7.13,100,1783894879,2,2084029,ES,1783918530,1783971910,7200,3117735,Madrid,200,2026-07-13 00:21:19,0,0,0,0
-3.7038,40.4168,804,Clouds,nubes,04n,stations,25.18,24.75,24.01,25.92,1013,38,1013,940,10000,3.94,219,6.25,100,1783895606,2,2084029,ES,1783918530,1783971910,7200,3117735,Madrid,200,2026-07-13 00:33:26,0,0,0,0
-3.7038,40.4168,804,Clouds,nubes,04n,stations,25.18,24.75,23.45,25.92,1013,38,1013,940,10000,3.94,219,6.25,100,1783896514,2,2084029,ES,1783918530,1783971910,7200,6545083,Sol,200,2026-07-13 00:48:34,0,0,0,0
-3.7038,40.4168,804,Clouds,nubes,04n,stations,25.18,24.75,23.45,25.92,1013,38,1013,940,10000,3.94,219,6.25,100,1783896514,2,2084029,ES,1783918530,1783971910,7200,6545083,Sol,200,2026-07-13 00:48:34,0,0,0,0
-3.7026,40.4165,804,Clouds,nubes,04n,stations,24.93,24.44,23.45,25.92,1013,37,1013,940,10000,3.94,219,6.25,100,1783897367,2,2084029,ES,1783918530,1783971909,7200,6545083,Sol,200,2026-07-13 01:02:47,0,0,0,0
-3.7026,40.4165,804,Clouds,nubes,04n,stations,25.02,24.57,23.45,25.37,1013,38,1013,940,10000,0.45,192,1.34,100,1783898701,2,2084029,ES,1783918530,1783971909,7200,3117735,Madrid,200,2026-07-13 01:25:01,0,0,0,0
-3.7026,40.4165,804,Clouds,nubes,04n,stations,24.74,24.26,23.45,25.37,1013,38,1013,940,10000,3.71,218,5.28,100,1783899425,2,2084029,ES,1783918530,1783971909,7200,6545083,Sol,200,2026-07-13 01:37:05,0,0,0,0
-3.7038,40.4168,804,Clouds,nubes,04n,stations,24.68,24.2,23.45,25.19,1013,38,1013,940,10000,3.71,218,5.28,100,1783900801,2,2084029,ES,1783918530,1783971910,7200,6545083,Sol,200,2026-07-13 02:00:01,0,0,0,0
-3.7026,40.4165,804,Clouds,nubes,04n,stations,24.48,24,23.45,24.81,1013,39,1013,940,10000,0.45,201,2.24,100,1783901196,2,2084029,ES,1783918530,1783971909,7200,6545083,Sol,200,2026-07-13 02:06:36,0,0,0,0
-3.7038,40.4168,804,Clouds,nubes,04n,stations,24.47,23.99,22.9,24.81,1013,39,1013,940,10000,0.89,210,1.79,100,1783902591,2,2084029,ES,1783918530,1783971910,7200,6545083,Sol,200,2026-07-13 02:29:51,0,0,0,0
-3.7038,40.4168,804,Clouds,nubes,04n,stations,24.19,23.68,22.9,24.81,1013,39,1013,940,10000,0.45,0,1.34,100,1783903501,2,2084029,ES,1783918530,1783971910,7200,3117735,Madrid,200,2026-07-13 02:45:01,0,0,0,0
-3.7038,40.4168,804,Clouds,nubes,04n,stations,24.19,23.68,22.34,24.81,1013,39,1013,940,10000,0.45,253,2.24,100,1783904401,2,2084029,ES,1783918530,1783971910,7200,6545083,Sol,200,2026-07-13 03:00:01,0,0,0,0
-3.7038,40.4168,804,Clouds,nubes,04n,stations,23.98,23.48,21.62,24.63,1013,40,1013,940,10000,0.45,124,2.24,100,1783905302,2,2084029,ES,1783918530,1783971910,7200,6545083,Sol,200,2026-07-13 03:15:02,0,0,0,0
-3.703,40.416,804,Clouds,nubes,04n,stations,23.78,23.26,21.62,24.25,1013,40,1013,940,10000,0.45,219,2.68,100,1783905816,2,2084029,ES,1783918530,1783971909,7200,6545083,Sol,200,2026-07-13 03:23:36,0,0,0,0
-3.7038,40.4168,804,Clouds,nubes,04n,stations,23.86,23.35,21.62,24.63,1013,40,1013,940,10000,0.45,178,2.68,99,1783906991,2,2084029,ES,1783918530,1783971910,7200,3117735,Madrid,200,2026-07-13 03:43:11,0,0,0,0
-3.703,40.416,804,Clouds,nubes,04n,stations,23.52,23.02,22.34,24.01,1013,42,1013,940,10000,0.89,213,2.24,99,1783907786,2,2005119,ES,1783918530,1783971909,7200,6545083,Sol,200,2026-07-13 03:56:26,0,0,0,0
-3.7038,40.4168,804,Clouds,nubes,04n,stations,23.52,23.02,22.34,24.01,1013,42,1013,940,10000,1.79,234,3.13,99,1783908902,2,2005119,ES,1783918530,1783971910,7200,6545083,Sol,200,2026-07-13 04:15:02,0,0,0,0
-3.7038,40.4168,804,Clouds,nubes,04n,stations,23.27,22.78,21.62,24.01,1013,43,1013,940,10000,0.89,229,2.24,99,1783909656,2,2005119,ES,1783918530,1783971910,7200,6545083,Sol,200,2026-07-13 04:27:36,0,0,0,0
-3.7038,40.4168,804,Clouds,nubes,04n,stations,22.96,22.43,21.79,23.45,1014,43,1014,940,10000,0.45,244,1.79,99,1783910525,2,2005119,ES,1783918530,1783971910,7200,3117735,Madrid,200,2026-07-13 04:42:05,0,0,0,0
-3.7038,40.4168,804,Clouds,nubes,04n,stations,22.71,22.19,21.79,23.14,1014,44,1014,940,10000,0.45,256,1.79,99,1783911335,2,2005119,ES,1783918530,1783971910,7200,6545083,Sol,200,2026-07-13 04:55:35,0,0,0,0
-3.7038,40.4168,804,Clouds,nubes,04n,stations,22.9,22.37,21.06,23.52,1014,43,1014,940,10000,0.45,227,1.79,99,1783912324,2,2084029,ES,1783918530,1783971910,7200,6545083,Sol,200,2026-07-13 05:12:04,0,0,0,0
-3.7026,40.4165,804,Clouds,nubes,04n,stations,22.87,22.34,21.06,23.52,1014,43,1014,940,10000,0.45,212,2.24,99,1783913255,2,2084029,ES,1783918530,1783971909,7200,3117735,Madrid,200,2026-07-13 05:27:35,0,0,0,0
-3.7026,40.4165,804,Clouds,nubes,04n,stations,22.87,22.34,21.06,23.52,1014,43,1014,941,10000,0.89,215,2.24,100,1783913749,2,2084029,ES,1783918530,1783971909,7200,6545083,Sol,200,2026-07-13 05:35:49,0,0,0,0
-3.7038,40.4168,804,Clouds,nubes,04n,stations,22.86,22.35,21.06,23.52,1014,44,1014,941,10000,0.89,297,1.79,100,1783914625,2,2084029,ES,1783918530,1783971910,7200,3117735,Madrid,200,2026-07-13 05:50:25,0,0,0,0
-3.7038,40.4168,804,Clouds,nubes,04n,stations,22.25,21.76,20.51,22.9,1014,47,1014,941,10000,3.65,233,4.99,100,1783915646,2,2005119,ES,1783918530,1783971910,7200,6545083,Sol,200,2026-07-13 06:07:26,0,0,0,0
-3.7038,40.4168,804,Clouds,nubes,04n,stations,22.44,21.91,20.36,22.97,1014,45,1014,941,10000,0.45,205,2.24,100,1783917003,2,2084029,ES,1783918530,1783971910,7200,6545083,Sol,200,2026-07-13 06:30:03,0,0,0,0
-3.7038,40.4168,804,Clouds,nubes,04n,stations,22.2,21.68,20.51,22.97,1014,46,1014,941,10000,3.43,230,4.25,100,1783917902,2,2084029,ES,1783918530,1783971910,7200,3117735,Madrid,200,2026-07-13 06:45:02,0,0,0,0
-3.7038,40.4168,804,Clouds,nubes,04d,stations,21.72,21.17,19.39,22.41,1014,47,1014,941,10000,3.43,230,4.25,100,1783918559,2,2084029,ES,1783918530,1783971910,7200,3117735,Madrid,200,2026-07-13 06:55:59,0,0,0,0
-3.7038,40.4168,804,Clouds,nubes,04d,stations,21.89,21.34,20.36,22.41,1014,46,1014,941,10000,3.43,230,4.25,100,1783919525,2,2084029,ES,1783918530,1783971910,7200,6545083,Sol,200,2026-07-13 07:12:05,0,0,0,0
-3.7038,40.4168,804,Clouds,nubes,04d,stations,21.76,21.22,19.8,22.41,1014,47,1014,941,10000,3.43,230,4.25,100,1783920125,2,2084029,ES,1783918530,1783971910,7200,6545083,Sol,200,2026-07-13 07:22:05,0,0,0,0
-3.7026,40.4165,804,Clouds,nubes,04d,stations,21.94,21.42,20.36,22.41,1015,47,1015,941,10000,2.98,224,3.88,100,1783921225,2,2084029,ES,1783918530,1783971909,7200,3117735,Madrid,200,2026-07-13 07:40:25,0,0,0,0
-3.703,40.416,804,Clouds,nubes,04d,stations,21.5,20.96,20.55,22.34,1015,48,1015,941,10000,0.89,231,1.79,100,1783921952,2,2084029,ES,1783918530,1783971909,7200,6545083,Sol,200,2026-07-13 07:52:32,0,0,0,0
-3.7038,40.4168,804,Clouds,nubes,04d,stations,21.61,21.08,20.71,22.34,1015,48,1015,941,10000,0.89,218,1.79,100,1783923302,2,2084029,ES,1783918530,1783971910,7200,6545083,Sol,200,2026-07-13 08:15:02,0,0,0,0
-3.7026,40.4165,804,Clouds,nubes,04d,stations,21.88,21.38,20.71,22.97,1015,48,1015,941,10000,2.98,224,3.88,100,1783923787,2,2084029,ES,1783918530,1783971909,7200,6545083,Sol,200,2026-07-13 08:23:07,0,0,0,0
-3.7038,40.4168,804,Clouds,nubes,04d,stations,21.85,21.32,20.71,22.41,1015,47,1015,942,10000,0.45,249,1.34,100,1783924840,2,2084029,ES,1783918530,1783971910,7200,6545083,Sol,200,2026-07-13 08:40:40,0,0,0,0
-3.7038,40.4168,804,Clouds,nubes,04d,stations,22.06,21.55,20.71,22.97,1015,47,1015,942,10000,0.45,234,,100,1783925929,2,2084029,ES,1783918530,1783971910,7200,6545083,Sol,200,2026-07-13 08:58:49,0,0,0,0
-3.7026,40.4165,804,Clouds,nubes,04d,stations,22.31,21.8,20.71,23.52,1015,46,1015,942,10000,0.45,336,1.79,100,1783926544,2,2084029,ES,1783918530,1783971909,7200,6545083,Sol,200,2026-07-13 09:09:04,0,0,0,0
-3.7038,40.4168,804,Clouds,nubes,04d,stations,22.46,21.96,20.71,23.52,1015,46,1015,942,10000,0.45,0,0.89,100,1783926961,2,2084029,ES,1783918530,1783971910,7200,6544494,Madrid City Center,200,2026-07-13 09:16:01,0,0,0,0
-3.7038,40.4168,804,Clouds,nubes,04d,stations,23.88,23.42,22.77,24.63,1015,42,1015,942,10000,0.89,239,1.79,100,1783928525,2,2084029,ES,1783918530,1783971910,7200,6545083,Sol,200,2026-07-13 09:42:05,0,0,0,0
-3.7038,40.4168,804,Clouds,nubes,04d,stations,23.99,23.54,23.32,24.56,1015,42,1015,942,10000,0.89,224,1.79,100,1783928874,2,2084029,ES,1783918530,1783971910,7200,6544494,Madrid City Center,200,2026-07-13 09:47:54,0,0,0,0
-3.7038,40.4168,804,Clouds,nubes,04d,stations,25.17,24.81,23.88,25.75,1015,41,1015,942,10000,0.45,0,1.79,100,1783930503,2,2084029,ES,1783918530,1783971910,7200,6545083,Sol,200,2026-07-13 10:15:03,0,0,0,0
-3.7038,40.4168,804,Clouds,nubes,04d,stations,25.37,24.98,24.43,25.75,1015,39,1015,942,10000,0.89,161,2.68,100,1783930801,2,2084029,ES,1783918530,1783971910,7200,6544494,Madrid City Center,200,2026-07-13 10:20:01,0,0,0,0
-3.7038,40.4168,803,Clouds,muy nuboso,04d,stations,25.33,24.99,24.59,25.92,1015,41,1015,942,10000,1.34,143,3.58,68,1783932153,2,2084029,ES,1783918530,1783971910,7200,6544494,Madrid City Center,200,2026-07-13 10:42:33,0,0,0,0
-3.7038,40.4168,803,Clouds,muy nuboso,04d,stations,26.32,26.32,25.55,26.86,1015,38,1015,942,10000,0.45,184,2.24,68,1783932924,2,2084029,ES,1783918530,1783971910,7200,6545083,Sol,200,2026-07-13 10:55:24,0,0,0,0
-3.7038,40.4168,803,Clouds,muy nuboso,04d,stations,26.85,26.57,25.67,27.41,1015,36,1015,942,10000,0.89,241,2.68,68,1783933609,2,2084029,ES,1783918530,1783971910,7200,6545083,Sol,200,2026-07-13 11:06:49,0,0,0,0
-3.7038,40.4168,803,Clouds,muy nuboso,04d,stations,26.36,26.36,25.15,27.03,1015,37,1015,942,10000,1.34,257,2.24,68,1783934686,2,2084029,ES,1783918530,1783971910,7200,3117735,Madrid,200,2026-07-13 11:24:46,0,0,0,0
-3.7038,40.4168,803,Clouds,muy nuboso,04d,stations,26.99,26.62,26.23,27.43,1015,35,1015,942,10000,0.89,336,4.92,53,1783935386,2,2084029,ES,1783918530,1783971910,7200,3117735,Madrid,200,2026-07-13 11:36:26,0,0,0,0
-3.703,40.416,803,Clouds,muy nuboso,04d,stations,27.5,26.79,26.66,28.17,1015,31,1015,942,10000,0.45,241,4.47,53,1783936221,2,2084412,ES,1783918530,1783971909,7200,6545083,Sol,200,2026-07-13 11:50:21,0,0,0,0
-3.7038,40.4168,803,Clouds,muy nuboso,04d,stations,27.19,26.62,26.26,28.14,1015,32,1015,942,10000,1.79,269,3.58,53,1783937547,2,2084412,ES,1783918530,1783971910,7200,6545083,Sol,200,2026-07-13 12:12:27,0,0,0,0
-3.7037,40.4167,803,Clouds,muy nuboso,04d,stations,27.55,26.82,26.26,28.69,1015,31,1015,942,10000,1.79,182,5.36,53,1783938223,2,2084412,ES,1783918530,1783971910,7200,3117735,Madrid,200,2026-07-13 12:23:43,0,0,0,0
-3.7026,40.4165,802,Clouds,nubes dispersas,03d,stations,27.92,26.99,27.34,28.69,1015,29,1015,942,10000,2.68,150,4.47,43,1783938999,2,2084412,ES,1783918530,1783971909,7200,3117735,Madrid,200,2026-07-13 12:36:39,0,0,0,0
-3.7038,40.4168,802,Clouds,nubes dispersas,03d,stations,28.16,27.17,27.34,28.69,1015,29,1015,942,10000,1.79,172,4.92,43,1783940403,2,2084412,ES,1783918530,1783971910,7200,6545083,Sol,200,2026-07-13 13:00:03,0,0,0,0
-3.7026,40.4165,802,Clouds,nubes dispersas,03d,stations,28.3,27.22,27.77,28.7,1015,28,1015,942,10000,1.34,174,4.47,43,1783940998,2,2084412,ES,1783918530,1783971909,7200,3117735,Madrid,200,2026-07-13 13:09:58,0,0,0,0
-3.7038,40.4168,802,Clouds,nubes dispersas,03d,stations,28.1,27.12,27.41,29.1,1015,29,1015,942,10000,1.34,194,5.36,43,1783941484,2,2084412,ES,1783918530,1783971910,7200,6544494,Madrid City Center,200,2026-07-13 13:18:04,0,0,0,0
